loc,v(g),uniq_Op,uniq_Opnd,total_Op,total_Opnd,defects
1.1,1.4,1.2,1.2,1.2,1.2,FALSE
1,1,1,1,1,1,TRUE
83,11,18,25,107,64,TRUE
46,8,16,28,89,52,TRUE
25,3,11,10,41,17,TRUE
43,3,11,20,74,41,TRUE
48,6,12,21,95,54,TRUE
69,12,16,22,156,75,TRUE
47,6,12,20,95,54,TRUE
48,7,14,22,99,56,TRUE
58,9,15,25,124,69,TRUE
65,6,14,22,93,62,TRUE
116,11,19,40,177,112,TRUE
24,4,11,15,43,31,TRUE
77,19,18,24,153,78,TRUE
9,1,7,5,8,5,TRUE
16,2,8,14,24,19,TRUE
93,7,22,35,162,95,TRUE
23,1,7,17,44,23,TRUE
30,1,5,12,5,16,TRUE
30,1,3,1,28,26,TRUE
35,3,12,18,69,39,TRUE
25,4,9,8,33,24,TRUE
20,7,10,12,31,23,TRUE
119,14,18,29,190,99,TRUE
35,4,12,13,47,31,TRUE
33,4,12,12,44,29,TRUE
17,2,8,5,17,8,TRUE
44,3,12,15,87,40,TRUE
84,15,21,37,141,89,TRUE
56,3,12,23,96,54,TRUE
58,3,15,25,121,70,TRUE
78,7,14,34,127,86,TRUE
75,8,17,26,161,89,TRUE
12,1,5,6,14,8,TRUE
11,1,5,6,14,8,TRUE
69,10,16,24,124,75,TRUE
39,5,14,18,56,30,TRUE
53,5,12,23,76,37,TRUE
52,5,12,22,71,36,TRUE
30,2,10,12,44,30,TRUE
27,3,11,24,46,31,TRUE
47,7,10,22,52,53,TRUE
49,7,10,23,54,56,TRUE
7,1,6,6,8,6,TRUE
66,12,15,22,117,60,TRUE
14,1,9,8,19,10,TRUE
29,3,11,15,39,25,TRUE
6,1,5,6,8,6,TRUE
12,1,7,8,24,12,TRUE
38,7,12,18,71,48,TRUE
132,16,26,57,192,130,TRUE
26,4,15,21,48,33,TRUE
56,5,13,34,109,69,TRUE
21,1,8,20,45,31,TRUE
43,6,21,20,59,36,TRUE
12,4,12,11,26,18,TRUE
11,1,8,6,17,9,TRUE
26,2,9,17,41,27,TRUE
80,11,22,41,167,107,TRUE
63,8,22,33,112,73,TRUE
10,2,11,3,16,7,TRUE
9,2,8,10,17,14,TRUE
35,5,18,15,55,34,TRUE
9,1,5,8,17,8,TRUE
16,2,11,4,25,10,TRUE
5,1,5,2,7,3,TRUE
16,1,8,7,20,8,TRUE
4,1,6,1,6,1,TRUE
12,2,6,7,16,8,TRUE
8,2,7,6,11,9,TRUE
4,1,4,1,4,1,TRUE
14,2,10,8,18,11,TRUE
56,3,10,30,56,45,TRUE
30,2,11,12,35,20,TRUE
52,8,18,39,147,100,TRUE
41,6,18,20,68,41,TRUE
4,1,1,0,1,0,TRUE
15,1,7,8,18,8,TRUE
9,1,4,7,19,12,TRUE
5,1,6,2,6,2,TRUE
25,1,9,18,39,26,TRUE
45,1,0,0,0,0,TRUE
4,1,3,1,3,1,TRUE
23,3,12,11,44,26,TRUE
14,1,7,10,21,12,TRUE
18,2,9,7,24,15,TRUE
40,4,13,18,68,42,TRUE
24,3,12,13,50,30,TRUE
52,6,13,20,83,50,TRUE
11,1,8,5,9,5,TRUE
23,6,19,12,45,25,TRUE
4,1,3,1,3,1,TRUE
38,8,27,32,124,67,TRUE
113,15,25,74,330,197,TRUE
8,1,7,10,15,11,TRUE
38,6,16,25,102,65,TRUE
47,13,22,28,137,94,TRUE
8,1,8,4,12,5,TRUE
4,1,3,2,3,2,TRUE
15,3,14,13,25,18,TRUE
38,5,18,15,36,25,TRUE
48,12,20,26,107,70,TRUE
70,15,21,30,175,118,TRUE
23,5,24,20,78,38,TRUE
27,8,18,25,72,56,TRUE
10,1,7,9,15,11,TRUE
13,1,11,14,27,19,TRUE
23,8,13,19,66,43,TRUE
11,4,11,9,22,16,TRUE
9,2,10,11,25,17,TRUE
11,3,11,15,24,19,TRUE
49,8,19,40,110,75,TRUE
53,11,27,39,226,128,TRUE
21,5,21,15,51,30,TRUE
16,4,11,21,52,34,TRUE
22,5,25,21,81,42,TRUE
24,5,26,23,85,44,TRUE
27,6,16,24,75,56,TRUE
27,5,12,9,61,32,TRUE
39,9,29,32,130,78,TRUE
16,3,9,18,30,28,TRUE
19,4,13,18,52,34,TRUE
66,16,23,51,148,111,TRUE
12,2,8,5,13,9,TRUE
19,5,15,18,50,34,TRUE
9,3,12,8,32,18,TRUE
29,4,14,19,42,27,TRUE
286,27,17,53,310,171,TRUE
26,3,14,14,46,22,TRUE
64,11,16,26,118,59,TRUE
47,4,12,16,59,33,TRUE
107,9,21,40,111,76,TRUE
107,9,21,39,105,73,TRUE
74,5,16,31,75,56,TRUE
37,4,11,14,48,27,TRUE
79,7,15,31,103,58,TRUE
134,15,21,41,185,118,TRUE
55,4,19,40,84,68,TRUE
22,3,12,12,37,24,TRUE
22,3,12,10,46,27,TRUE
8,3,5,2,9,4,TRUE
151,18,26,56,273,166,TRUE
2,1,2,1,2,1,TRUE
2,1,4,1,4,1,TRUE
70,13,28,44,186,105,TRUE
4,1,5,2,5,2,TRUE
2,1,5,1,5,1,TRUE
27,1,6,12,19,18,TRUE
57,1,9,37,69,54,TRUE
4,1,3,1,3,1,TRUE
7,1,4,4,11,4,TRUE
7,1,5,2,6,3,TRUE
16,2,8,5,23,9,TRUE
11,1,6,4,7,4,TRUE
8,2,9,4,11,6,TRUE
62,14,37,72,282,163,TRUE
39,4,13,15,57,31,TRUE
165,13,27,39,240,125,TRUE
45,3,13,16,53,30,TRUE
3,1,1,0,1,0,TRUE
21,2,10,14,43,18,TRUE
23,1,8,20,41,28,TRUE
12,1,7,10,13,11,TRUE
44,7,14,24,76,48,TRUE
17,4,9,7,22,12,TRUE
40,5,13,18,57,38,TRUE
179,13,17,57,208,153,TRUE
92,8,12,36,121,91,TRUE
14,1,6,12,14,12,TRUE
92,8,12,34,116,87,TRUE
64,4,11,31,77,61,TRUE
184,16,28,75,257,180,TRUE
17,4,9,6,21,11,TRUE
38,5,13,18,57,36,TRUE
6,1,4,3,4,3,TRUE
41,4,13,18,56,29,TRUE
13,1,1,4,1,6,TRUE
20,4,9,8,23,13,TRUE
50,5,15,20,78,44,TRUE
17,1,7,14,30,20,TRUE
41,6,21,20,59,36,TRUE
29,4,12,13,33,27,TRUE
125,8,18,59,156,116,TRUE
42,5,14,19,71,42,TRUE
17,4,9,6,21,11,TRUE
14,3,11,8,27,13,TRUE
9,1,4,2,4,2,TRUE
3,1,1,0,1,0,TRUE
11,2,7,11,15,11,TRUE
35,3,14,23,63,42,TRUE
7,2,7,2,8,3,TRUE
34,5,15,16,59,40,TRUE
24,4,16,11,31,24,TRUE
35,4,15,19,50,35,TRUE
48,4,18,20,86,46,TRUE
61,7,15,35,113,54,TRUE
20,1,4,14,10,17,TRUE
10,1,5,8,7,8,TRUE
38,5,11,15,64,35,TRUE
4,1,3,1,3,1,TRUE
15,2,8,7,22,13,TRUE
6,1,6,4,8,4,TRUE
6,1,5,3,5,3,TRUE
50,6,20,28,88,56,TRUE
17,1,8,11,27,16,TRUE
20,2,10,13,30,19,TRUE
8,1,8,6,13,7,TRUE
20,5,9,12,38,16,TRUE
36,7,13,15,44,31,TRUE
27,1,9,27,60,44,TRUE
13,3,10,6,18,10,TRUE
13,3,10,6,18,10,TRUE
13,3,10,6,18,10,TRUE
78,6,12,54,200,98,TRUE
84,7,13,55,207,104,TRUE
99,8,21,34,177,100,TRUE
25,3,9,10,28,17,TRUE
97,14,21,38,164,109,TRUE
95,16,22,39,156,98,TRUE
132,14,21,49,197,134,TRUE
61,4,15,32,136,81,TRUE
8,1,6,6,8,6,TRUE
55,5,11,24,74,44,TRUE
57,4,15,30,124,74,TRUE
51,13,17,19,93,45,TRUE
93,7,20,47,144,103,TRUE
29,1,7,25,64,35,TRUE
112,16,20,42,194,140,TRUE
152,22,22,71,271,192,TRUE
25,4,11,19,46,30,TRUE
78,11,17,39,138,89,TRUE
35,5,13,19,52,31,TRUE
12,3,5,5,10,5,TRUE
19,2,13,8,25,12,TRUE
19,3,8,6,19,12,TRUE
15,2,9,12,16,14,TRUE
217,28,18,68,345,176,TRUE
150,27,30,54,270,168,TRUE
30,3,12,14,48,29,TRUE
15,1,9,9,22,17,TRUE
41,1,0,0,0,0,TRUE
25,3,11,12,29,19,TRUE
15,8,17,16,44,32,TRUE
56,13,19,35,132,94,TRUE
20,2,10,10,18,13,TRUE
9,2,13,8,26,15,TRUE
145,25,28,55,268,173,TRUE
34,4,11,9,43,26,TRUE
12,1,11,11,24,17,TRUE
24,5,19,15,38,25,TRUE
74,6,16,32,77,58,TRUE
36,1,9,10,45,24,TRUE
7,2,7,3,15,3,TRUE
7,1,5,4,10,4,TRUE
6,1,4,2,10,3,TRUE
55,5,14,28,85,57,TRUE
21,1,6,8,16,9,TRUE
17,3,8,8,21,10,TRUE
19,3,10,7,21,10,TRUE
22,3,12,9,31,16,TRUE
40,3,13,22,54,34,TRUE
15,2,7,5,10,7,TRUE
27,5,20,22,75,38,TRUE
35,1,8,10,19,13,TRUE
30,2,10,21,63,30,TRUE
12,1,6,10,12,10,TRUE
22,1,2,10,3,11,TRUE
40,5,13,20,63,43,TRUE
176,16,22,63,229,156,TRUE
132,13,23,57,168,110,TRUE
101,13,18,42,131,83,TRUE
7,1,8,7,13,7,TRUE
11,1,7,7,15,9,TRUE
11,1,7,7,15,9,TRUE
11,1,7,7,15,9,TRUE
11,1,7,7,15,9,TRUE
16,2,8,7,17,12,TRUE
38,2,13,18,54,36,TRUE
50,5,14,27,70,46,TRUE
4,1,2,2,2,2,TRUE
60,6,18,30,111,65,TRUE
63,8,18,27,82,51,TRUE
72,11,22,24,97,57,TRUE
57,6,17,39,124,71,TRUE
82,16,12,31,119,85,TRUE
288,45,23,73,509,285,TRUE
96,9,15,36,167,107,TRUE
68,18,16,31,132,60,TRUE
84,11,22,38,154,100,TRUE
20,2,7,6,9,11,TRUE
72,12,21,39,128,87,TRUE
16,1,6,11,20,23,TRUE
40,5,18,24,72,53,TRUE
12,1,10,14,23,18,TRUE
11,1,10,14,23,18,TRUE
50,8,31,41,148,92,TRUE
25,2,9,13,23,15,TRUE
4,1,5,1,5,1,TRUE
220,12,19,84,263,190,TRUE
22,1,8,20,41,28,TRUE
23,1,8,20,41,28,TRUE
89,6,17,29,108,81,TRUE
15,1,8,12,25,16,TRUE
100,7,22,57,223,139,TRUE
12,1,7,6,10,8,TRUE
72,7,16,29,89,53,TRUE
23,1,6,21,24,22,TRUE
140,18,20,50,238,138,TRUE
162,17,23,42,204,130,TRUE
33,1,11,13,33,22,TRUE
82,13,22,30,115,81,TRUE
73,10,25,29,154,93,TRUE
109,18,28,56,230,169,TRUE
61,5,16,30,88,60,TRUE
153,27,31,68,285,212,TRUE
33,1,8,24,30,35,TRUE
10,1,5,8,10,8,TRUE
81,4,15,32,96,66,TRUE
97,11,23,34,126,90,TRUE
3,1,2,2,2,2,TRUE
75,9,25,46,172,112,TRUE
98,17,23,46,182,125,TRUE
119,14,26,35,136,84,TRUE
35,5,15,12,54,34,TRUE
116,12,18,70,242,140,TRUE
205,26,30,59,297,194,TRUE
5,1,4,3,7,4,FALSE
3,1,1,0,1,0,FALSE
3,1,1,0,1,0,FALSE
3,1,1,0,1,0,FALSE
12,1,5,5,12,7,FALSE
5,1,4,3,7,4,FALSE
3,1,1,0,1,0,FALSE
3,1,1,0,1,0,FALSE
3,1,1,0,1,0,FALSE
13,1,6,8,19,10,FALSE
12,1,5,5,12,7,FALSE
3,1,1,0,1,0,FALSE
12,1,5,5,12,7,FALSE
4,1,1,0,1,0,FALSE
13,1,8,6,16,11,FALSE
16,3,12,9,28,15,FALSE
16,3,12,9,28,15,FALSE
16,3,12,9,28,15,FALSE
16,1,8,10,21,13,FALSE
35,6,13,16,57,28,FALSE
14,2,8,9,17,13,FALSE
40,4,12,14,66,37,FALSE
38,4,14,23,56,38,FALSE
26,2,10,11,44,22,FALSE
15,2,10,6,27,11,FALSE
21,1,9,7,36,16,FALSE
11,1,8,5,12,6,FALSE
17,2,10,6,19,8,FALSE
25,3,11,10,41,17,FALSE
56,10,16,24,102,53,FALSE
59,5,13,23,82,56,FALSE
120,12,15,38,197,118,FALSE
23,3,11,12,31,20,FALSE
23,3,11,12,31,20,FALSE
22,3,11,12,31,20,FALSE
31,2,9,25,61,43,FALSE
13,1,8,10,23,13,FALSE
17,1,8,15,33,22,FALSE
32,4,13,29,101,55,FALSE
17,1,8,18,37,25,FALSE
74,7,16,25,102,75,FALSE
23,3,11,6,31,11,FALSE
20,2,11,8,31,15,FALSE
13,2,9,4,21,8,FALSE
30,2,9,10,56,26,FALSE
38,6,13,13,83,37,FALSE
55,5,15,13,96,41,FALSE
24,3,12,9,39,16,FALSE
36,9,15,12,75,27,FALSE
210,25,19,60,398,208,FALSE
7,1,6,5,8,5,FALSE
8,1,5,5,7,5,FALSE
23,2,11,11,40,26,FALSE
9,1,8,6,13,7,FALSE
34,5,13,19,72,43,FALSE
9,1,7,7,11,8,FALSE
63,11,15,21,109,54,FALSE
7,1,6,5,7,5,FALSE
28,2,11,19,42,32,FALSE
14,1,9,7,17,9,FALSE
29,4,9,17,47,34,FALSE
41,8,15,15,77,34,FALSE
18,1,9,7,34,16,FALSE
14,1,6,10,11,10,FALSE
4,1,5,2,5,2,FALSE
11,1,6,8,9,8,FALSE
4,1,5,2,5,2,FALSE
6,1,3,2,3,2,FALSE
18,2,10,7,22,9,FALSE
2,1,0,0,0,0,FALSE
43,5,14,21,66,51,FALSE
2,1,0,0,0,0,FALSE
8,1,1,4,1,4,FALSE
10,1,1,4,1,4,FALSE
3,1,1,0,1,0,FALSE
5,1,2,4,3,4,FALSE
7,1,4,4,7,5,FALSE
3,1,2,4,3,4,FALSE
13,1,5,6,12,8,FALSE
11,1,1,5,1,5,FALSE
3,1,1,0,1,0,FALSE
4,1,2,3,3,3,FALSE
3,1,1,0,1,0,FALSE
39,2,12,30,94,58,FALSE
1,1,0,0,0,0,FALSE
4,1,2,1,2,1,FALSE
13,1,5,6,12,8,FALSE
4,1,2,4,3,4,FALSE
2,1,2,4,3,4,FALSE
10,1,5,5,11,8,FALSE
20,1,7,16,37,20,FALSE
4,1,1,0,1,0,FALSE
14,1,5,6,12,8,FALSE
13,1,2,5,2,10,FALSE
15,1,2,7,2,11,FALSE
24,1,4,9,4,12,FALSE
19,3,12,11,33,17,FALSE
17,1,10,10,34,11,FALSE
63,9,16,28,134,65,FALSE
6,1,5,4,6,4,FALSE
9,1,5,3,5,3,FALSE
9,1,5,3,5,3,FALSE
6,1,5,4,6,4,FALSE
6,1,5,4,6,4,FALSE
6,1,5,4,6,4,FALSE
10,1,5,3,5,3,FALSE
6,1,5,4,6,4,FALSE
6,1,5,4,6,4,FALSE
10,1,5,3,5,3,FALSE
87,9,18,31,134,78,FALSE
51,6,19,17,85,44,FALSE
88,14,18,23,150,89,FALSE
59,6,12,17,114,62,FALSE
1,1,3,1,3,1,FALSE
4,1,3,1,3,1,FALSE
1,1,3,1,3,1,FALSE
4,1,3,1,3,1,FALSE
1,1,3,1,3,1,FALSE
1,1,3,1,3,1,FALSE
1,1,3,1,3,1,FALSE
4,1,3,1,3,1,FALSE
56,7,13,20,85,48,FALSE
4,1,3,1,3,1,FALSE
4,1,3,1,3,1,FALSE
4,1,3,1,3,1,FALSE
1,1,3,1,3,1,FALSE
1,1,3,1,3,1,FALSE
4,1,3,1,3,1,FALSE
4,1,3,1,3,1,FALSE
4,1,3,1,3,1,FALSE
4,1,3,1,3,1,FALSE
1,1,3,1,3,1,FALSE
4,1,3,1,3,1,FALSE
4,1,3,1,3,1,FALSE
1,1,3,1,3,1,FALSE
4,1,3,1,3,1,FALSE
9,1,8,6,13,7,FALSE
1,1,3,1,3,1,FALSE
4,1,3,1,3,1,FALSE
4,1,3,1,3,1,FALSE
4,1,3,1,3,1,FALSE
1,1,3,1,3,1,FALSE
1,1,3,1,3,1,FALSE
4,1,3,1,3,1,FALSE
4,1,3,1,3,1,FALSE
4,1,3,1,3,1,FALSE
1,1,3,1,3,1,FALSE
1,1,3,1,3,1,FALSE
1,1,3,1,3,1,FALSE
4,1,3,1,3,1,FALSE
1,1,3,1,3,1,FALSE
1,1,3,1,3,1,FALSE
1,1,3,1,3,1,FALSE
4,1,3,1,3,1,FALSE
1,1,3,1,3,1,FALSE
4,1,3,1,3,1,FALSE
4,1,3,1,3,1,FALSE
4,1,3,1,3,1,FALSE
4,1,3,1,3,1,FALSE
4,1,3,1,3,1,FALSE
1,1,3,1,3,1,FALSE
4,1,3,1,3,1,FALSE
4,1,3,1,3,1,FALSE
4,1,3,1,3,1,FALSE
16,2,8,5,17,8,FALSE
16,2,8,5,17,8,FALSE
18,2,8,6,19,10,FALSE
7,1,4,3,5,3,FALSE
8,1,4,4,5,4,FALSE
14,2,8,6,18,11,FALSE
16,2,8,5,17,8,FALSE
16,2,8,5,17,8,FALSE
17,2,8,6,15,9,FALSE
17,2,8,5,17,8,FALSE
17,2,8,5,17,8,FALSE
7,1,4,3,5,3,FALSE
17,2,8,6,15,9,FALSE
9,1,6,4,9,5,FALSE
14,2,8,4,13,6,FALSE
16,2,8,5,17,8,FALSE
17,2,8,5,17,8,FALSE
17,2,8,6,15,9,FALSE
17,2,8,6,12,8,FALSE
17,2,8,5,17,8,FALSE
17,2,8,6,12,8,FALSE
16,2,8,5,17,8,FALSE
17,2,8,5,17,8,FALSE
17,2,8,5,17,8,FALSE
49,9,15,16,91,39,FALSE
13,2,8,9,18,14,FALSE
14,1,6,10,11,10,FALSE
4,1,5,2,5,2,FALSE
2,1,4,1,4,1,FALSE
2,1,4,1,4,1,FALSE
2,1,3,2,3,2,FALSE
6,1,3,1,7,3,FALSE
2,1,3,1,3,1,FALSE
2,1,3,1,3,1,FALSE
2,1,3,2,3,2,FALSE
2,1,3,2,3,2,FALSE
28,4,12,13,33,27,FALSE
28,4,12,13,33,27,FALSE
23,3,11,10,37,18,FALSE
4,1,3,3,4,3,FALSE
4,1,3,3,4,3,FALSE
4,1,2,0,2,0,FALSE
35,2,10,27,88,53,FALSE
4,1,3,1,3,1,FALSE
4,1,3,3,4,3,FALSE
4,1,3,3,4,3,FALSE
4,1,7,2,7,2,FALSE
47,3,13,21,56,38,FALSE
4,1,5,3,5,3,FALSE
41,5,12,19,65,34,FALSE
41,5,13,23,89,43,FALSE
53,5,15,35,118,56,FALSE
15,4,14,8,30,19,FALSE
14,2,11,8,26,16,FALSE
82,9,16,33,126,65,FALSE
41,5,13,20,66,34,FALSE
60,6,13,25,93,63,FALSE
12,1,8,6,12,7,FALSE
11,3,7,5,17,9,FALSE
68,7,18,35,101,64,FALSE
11,1,5,6,14,8,FALSE
60,11,15,20,106,49,FALSE
24,4,8,14,39,29,FALSE
51,13,17,19,93,45,FALSE
12,2,8,9,18,14,FALSE
13,1,6,9,10,9,FALSE
4,1,5,2,5,2,FALSE
16,2,8,10,18,14,FALSE
4,1,5,2,5,2,FALSE
12,2,8,9,18,14,FALSE
51,13,17,19,93,45,FALSE
13,1,6,9,10,9,FALSE
4,1,5,2,5,2,FALSE
24,3,7,16,29,20,FALSE
54,18,12,25,94,56,FALSE
13,2,10,8,18,11,FALSE
7,1,6,6,8,6,FALSE
8,1,6,6,8,6,FALSE
25,4,11,15,45,32,FALSE
7,1,6,6,8,6,FALSE
53,7,16,24,116,65,FALSE
64,12,15,22,115,56,FALSE
18,1,7,11,23,17,FALSE
5,1,6,3,6,3,FALSE
13,2,8,9,18,14,FALSE
15,1,6,10,11,10,FALSE
4,1,5,2,5,2,FALSE
23,2,10,13,27,17,FALSE
4,1,3,2,3,2,FALSE
4,1,3,2,3,2,FALSE
48,6,14,21,83,50,FALSE
24,3,7,16,39,30,FALSE
15,1,5,22,25,22,FALSE
39,5,14,18,56,30,FALSE
63,8,18,29,95,50,FALSE
23,2,9,15,35,23,FALSE
17,1,9,12,24,16,FALSE
34,3,10,17,50,30,FALSE
26,2,11,15,39,24,FALSE
22,2,9,14,34,22,FALSE
31,3,11,17,49,30,FALSE
23,2,9,14,34,22,FALSE
24,2,11,15,34,22,FALSE
16,1,9,12,24,16,FALSE
23,2,9,15,35,23,FALSE
16,1,9,12,24,16,FALSE
16,1,9,12,24,16,FALSE
16,1,9,12,24,16,FALSE
23,1,9,18,36,26,FALSE
23,2,9,15,35,23,FALSE
16,1,9,12,24,16,FALSE
23,2,9,14,34,22,FALSE
16,1,9,12,24,16,FALSE
18,1,9,16,32,22,FALSE
18,1,9,16,32,22,FALSE
27,2,9,15,37,24,FALSE
18,1,9,12,25,17,FALSE
18,1,9,16,32,22,FALSE
127,25,21,36,265,131,FALSE
25,5,12,10,33,18,FALSE
48,4,11,15,83,38,FALSE
6,2,7,5,8,6,FALSE
60,2,8,49,89,67,FALSE
22,2,9,10,21,14,FALSE
22,2,9,10,21,14,FALSE
20,2,9,9,18,12,FALSE
21,3,11,10,34,21,FALSE
31,6,12,16,56,39,FALSE
52,7,15,24,111,63,FALSE
6,1,6,4,7,4,FALSE
5,1,6,3,6,3,FALSE
7,1,6,6,8,6,FALSE
18,1,7,12,23,18,FALSE
13,2,8,9,18,14,FALSE
51,13,17,19,93,45,FALSE
15,1,6,10,11,10,FALSE
4,1,5,2,5,2,FALSE
12,2,8,9,18,14,FALSE
15,1,6,10,11,10,FALSE
4,1,5,2,5,2,FALSE
13,2,8,9,18,14,FALSE
51,13,17,19,93,45,FALSE
15,1,6,10,11,10,FALSE
4,1,5,2,5,2,FALSE
112,12,20,39,179,101,FALSE
33,4,14,25,71,43,FALSE
33,4,13,23,67,39,FALSE
38,4,13,21,80,44,FALSE
34,3,11,19,63,36,FALSE
9,1,7,7,14,9,FALSE
34,5,13,14,69,36,FALSE
24,2,11,17,43,27,FALSE
29,3,11,15,39,25,FALSE
17,2,10,6,26,10,FALSE
3,1,1,0,1,0,FALSE
3,1,1,0,1,0,FALSE
3,1,1,0,1,0,FALSE
3,1,1,0,1,0,FALSE
3,1,1,0,1,0,FALSE
12,1,7,9,20,13,FALSE
20,1,8,21,45,31,FALSE
5,1,6,3,6,3,FALSE
28,2,11,21,44,33,FALSE
18,1,6,13,17,14,FALSE
10,1,5,6,10,7,FALSE
8,1,6,6,12,8,FALSE
5,1,6,3,6,3,FALSE
32,3,12,30,68,47,FALSE
23,1,6,16,20,17,FALSE
23,1,7,16,21,17,FALSE
31,4,12,19,55,30,FALSE
40,4,13,23,76,46,FALSE
5,1,6,3,6,3,FALSE
16,1,8,17,37,25,FALSE
28,5,18,23,55,38,FALSE
14,1,6,11,15,12,FALSE
30,4,12,17,47,27,FALSE
24,3,11,14,32,18,FALSE
9,1,4,5,4,5,FALSE
3,1,2,2,2,2,FALSE
3,1,2,2,2,2,FALSE
8,1,1,3,1,3,FALSE
8,1,1,3,1,3,FALSE
37,4,10,36,130,56,FALSE
15,2,8,17,37,23,FALSE
5,1,6,3,6,3,FALSE
8,1,6,6,12,8,FALSE
25,1,9,27,60,40,FALSE
22,1,6,15,19,16,FALSE
32,4,12,19,55,30,FALSE
1,1,3,1,3,1,FALSE
18,2,13,11,27,16,FALSE
1,1,3,1,3,1,FALSE
1,1,3,1,3,1,FALSE
1,1,3,1,3,1,FALSE
1,1,3,1,3,1,FALSE
1,1,3,1,3,1,FALSE
1,1,3,1,3,1,FALSE
1,1,3,1,3,1,FALSE
1,1,3,1,3,1,FALSE
16,3,10,13,38,21,FALSE
4,1,3,1,3,1,FALSE
4,1,3,1,3,1,FALSE
1,1,3,1,3,1,FALSE
19,4,13,7,34,18,FALSE
19,4,13,10,39,23,FALSE
1,1,3,1,3,1,FALSE
1,1,3,1,3,1,FALSE
1,1,3,1,3,1,FALSE
1,1,3,1,3,1,FALSE
1,1,3,1,3,1,FALSE
1,1,3,1,3,1,FALSE
9,1,8,6,13,7,FALSE
1,1,3,1,3,1,FALSE
1,1,3,1,3,1,FALSE
4,1,3,1,3,1,FALSE
1,1,3,1,3,1,FALSE
12,1,8,10,21,13,FALSE
12,1,6,11,15,12,FALSE
12,1,8,10,21,13,FALSE
12,1,6,11,15,12,FALSE
5,1,6,3,6,3,FALSE
20,1,6,14,18,15,FALSE
10,1,5,6,10,7,FALSE
28,4,11,13,32,27,FALSE
55,6,28,42,98,76,FALSE
5,1,3,1,3,1,FALSE
2,1,3,1,3,1,FALSE
12,2,11,8,17,10,FALSE
12,1,7,10,25,14,FALSE
12,1,6,11,15,12,FALSE
15,1,8,14,31,19,FALSE
12,2,8,6,15,10,FALSE
6,1,6,5,8,5,FALSE
14,2,10,12,20,15,FALSE
23,5,15,15,47,29,FALSE
5,1,6,3,6,3,FALSE
18,1,8,19,41,28,FALSE
16,1,6,12,16,13,FALSE
10,1,5,6,10,7,FALSE
8,1,7,4,11,5,FALSE
5,1,6,3,6,3,FALSE
16,1,8,17,37,25,FALSE
14,1,6,11,15,12,FALSE
10,1,5,6,10,7,FALSE
38,4,14,14,51,29,FALSE
18,1,8,18,39,25,FALSE
13,1,6,12,16,13,FALSE
15,1,8,14,29,19,FALSE
16,1,6,12,16,13,FALSE
14,1,8,8,15,8,FALSE
14,3,7,5,20,9,FALSE
10,1,7,8,19,11,FALSE
13,1,8,9,22,13,FALSE
11,1,7,7,17,10,FALSE
7,2,6,2,7,3,FALSE
4,1,3,1,3,1,FALSE
3,1,1,0,1,0,FALSE
4,1,4,4,5,4,FALSE
4,1,4,4,5,4,FALSE
4,1,4,3,4,3,FALSE
4,1,4,4,5,4,FALSE
7,1,6,8,14,11,FALSE
4,1,4,4,5,4,FALSE
8,1,6,8,16,11,FALSE
8,1,6,8,16,12,FALSE
8,1,6,8,16,12,FALSE
45,6,16,12,58,31,FALSE
19,2,10,15,24,17,FALSE
7,2,7,4,9,4,FALSE
7,2,6,4,8,4,FALSE
7,2,7,4,9,4,FALSE
7,2,6,4,8,4,FALSE
73,12,24,28,84,46,FALSE
7,2,7,4,9,4,FALSE
4,1,3,2,3,2,FALSE
11,3,10,6,15,9,FALSE
9,3,10,4,17,8,FALSE
38,9,14,11,44,24,FALSE
6,1,4,5,7,6,FALSE
6,1,3,5,7,6,FALSE
31,4,15,17,53,37,FALSE
5,1,5,3,7,3,FALSE
5,1,6,2,7,2,FALSE
5,1,6,2,7,2,FALSE
5,1,6,2,7,2,FALSE
6,1,6,4,9,4,FALSE
5,1,6,2,7,2,FALSE
5,1,6,2,7,2,FALSE
5,1,4,3,5,3,FALSE
5,1,6,2,7,2,FALSE
17,3,12,9,30,13,FALSE
29,4,14,10,43,26,FALSE
15,2,10,6,17,9,FALSE
2,1,4,1,4,1,FALSE
2,1,3,1,3,1,FALSE
1,1,3,1,3,1,FALSE
4,1,6,2,7,2,FALSE
2,1,3,1,3,1,FALSE
1,1,3,1,3,1,FALSE
1,1,3,1,3,1,FALSE
2,1,3,1,3,1,FALSE
4,1,3,1,3,1,FALSE
2,1,3,1,3,1,FALSE
4,1,7,2,7,2,FALSE
5,1,5,3,6,3,FALSE
5,1,3,4,5,4,FALSE
79,7,27,30,96,50,FALSE
1,1,3,1,3,1,FALSE
4,1,5,2,5,2,FALSE
4,1,5,1,5,1,FALSE
4,1,5,2,5,2,FALSE
4,1,5,2,5,2,FALSE
1,1,3,1,3,1,FALSE
4,1,5,2,5,2,FALSE
4,1,5,2,5,2,FALSE
4,1,5,2,5,2,FALSE
4,1,5,2,5,2,FALSE
6,1,5,3,8,5,FALSE
6,1,5,3,8,5,FALSE
6,1,5,3,8,5,FALSE
6,1,5,3,8,5,FALSE
7,2,8,3,11,5,FALSE
12,2,7,6,12,6,FALSE
23,5,14,5,35,15,FALSE
13,2,8,6,15,7,FALSE
41,7,14,9,61,17,FALSE
10,2,7,6,12,6,FALSE
10,2,7,6,12,6,FALSE
10,2,6,6,11,6,FALSE
10,2,6,6,11,6,FALSE
6,1,4,2,4,2,FALSE
4,1,4,2,4,2,FALSE
14,2,9,6,21,10,FALSE
4,1,3,1,3,1,FALSE
4,1,3,1,3,1,FALSE
4,1,3,2,3,2,FALSE
7,2,6,2,7,3,FALSE
1,1,3,2,3,2,FALSE
8,2,7,4,9,5,FALSE
4,1,3,1,3,1,FALSE
40,4,10,14,38,23,FALSE
1,1,1,0,1,0,FALSE
37,4,14,15,45,26,FALSE
3,1,1,0,1,0,FALSE
143,17,17,44,208,137,FALSE
6,1,2,4,3,4,FALSE
5,1,1,2,1,2,FALSE
3,1,1,0,1,0,FALSE
107,18,25,31,136,77,FALSE
4,1,3,1,3,1,FALSE
4,1,3,1,3,1,FALSE
4,1,3,1,3,1,FALSE
4,1,3,1,3,1,FALSE
4,1,3,1,3,1,FALSE
53,3,12,24,53,36,FALSE
34,5,12,17,46,31,FALSE
4,1,3,1,3,1,FALSE
4,1,3,1,3,1,FALSE
4,1,4,1,4,1,FALSE
1,1,3,1,3,1,FALSE
39,3,12,15,68,36,FALSE
52,5,12,15,57,31,FALSE
20,4,9,7,26,18,FALSE
25,4,11,15,39,24,FALSE
28,4,11,15,39,24,FALSE
28,4,11,15,39,24,FALSE
5,1,3,1,3,1,FALSE
3,1,1,0,1,0,FALSE
3,1,1,0,1,0,FALSE
3,1,1,0,1,0,FALSE
3,1,1,0,1,0,FALSE
1,1,1,0,1,0,FALSE
32,4,13,26,59,46,FALSE
13,2,13,11,23,17,FALSE
73,7,13,32,99,68,FALSE
16,2,7,4,14,6,FALSE
2,1,7,3,8,4,FALSE
283,34,23,120,678,428,FALSE
18,3,10,5,19,7,FALSE
4,1,1,0,1,0,FALSE
4,1,6,0,6,0,FALSE
21,2,11,12,25,16,FALSE
1,1,0,3,0,4,FALSE
9,1,1,4,1,4,FALSE
4,1,1,0,1,0,FALSE
3,1,1,0,1,0,FALSE
1,1,0,0,0,0,FALSE
3,1,1,0,1,0,FALSE
10,2,9,10,21,16,FALSE
9,2,14,8,22,14,FALSE
2,1,3,2,3,2,FALSE
2,1,3,2,3,2,FALSE
2,1,3,2,3,2,FALSE
2,1,3,1,3,1,FALSE
2,1,5,1,5,1,FALSE
5,1,3,3,5,4,FALSE
2,1,3,1,3,1,FALSE
5,1,1,0,1,0,FALSE
26,3,12,14,30,22,FALSE
35,3,12,17,47,28,FALSE
1,1,1,0,1,0,FALSE
13,1,7,13,16,15,FALSE
131,17,24,54,247,152,FALSE
1,1,3,2,3,2,FALSE
2,1,3,2,3,2,FALSE
4,1,3,2,3,2,FALSE
1,1,3,2,3,2,FALSE
33,3,13,15,56,35,FALSE
44,6,18,20,71,43,FALSE
12,2,9,7,15,13,FALSE
14,2,11,5,19,13,FALSE
36,3,12,17,47,28,FALSE
16,2,7,4,14,6,FALSE
91,8,17,37,107,79,FALSE
2,1,3,2,3,2,FALSE
2,1,3,2,3,2,FALSE
3,1,1,0,1,0,FALSE
9,2,6,2,8,4,FALSE
9,3,10,6,14,9,FALSE
12,3,8,6,16,9,FALSE
83,7,14,44,120,104,FALSE
79,7,14,44,116,101,FALSE
120,19,20,58,188,130,FALSE
131,20,20,61,200,140,FALSE
17,3,8,10,31,18,FALSE
9,1,4,13,16,15,FALSE
9,1,3,7,13,12,FALSE
3,1,1,0,1,0,FALSE
1,1,0,0,0,0,FALSE
7,2,8,4,10,5,FALSE
14,3,14,12,25,17,FALSE
13,3,14,11,23,15,FALSE
1,1,3,1,3,1,FALSE
2,1,3,2,3,2,FALSE
2,1,3,2,3,2,FALSE
2,1,3,2,3,2,FALSE
1,1,3,1,3,1,FALSE
8,1,5,9,12,12,FALSE
2,1,3,1,3,1,FALSE
1,1,3,1,3,1,FALSE
1,1,3,1,3,1,FALSE
1,1,3,1,3,1,FALSE
1,1,3,1,3,1,FALSE
2,1,5,1,5,1,FALSE
9,2,7,5,9,6,FALSE
16,3,9,8,15,13,FALSE
9,2,8,5,10,6,FALSE
54,4,15,21,57,35,FALSE
6,2,10,6,13,6,FALSE
4,1,3,1,3,1,FALSE
10,1,7,7,23,12,FALSE
14,3,10,6,19,10,FALSE
20,4,10,14,26,20,FALSE
11,1,5,9,19,16,FALSE
12,3,11,7,24,14,FALSE
4,1,3,2,3,2,FALSE
18,3,9,6,20,10,FALSE
20,4,10,8,25,13,FALSE
12,3,11,7,24,14,FALSE
16,4,11,8,24,13,FALSE
6,2,10,6,13,6,FALSE
6,2,10,6,13,6,FALSE
2,1,3,2,3,2,FALSE
2,1,3,2,3,2,FALSE
10,1,3,7,13,12,FALSE
4,1,4,1,4,1,FALSE
4,1,2,1,2,1,FALSE
2,1,2,1,2,1,FALSE
1,1,3,4,5,4,FALSE
1,1,3,1,3,1,FALSE
10,2,8,4,10,6,FALSE
9,2,5,3,7,4,FALSE
2,1,1,0,1,0,FALSE
2,1,1,0,1,0,FALSE
2,1,1,0,1,0,FALSE
2,1,1,0,1,0,FALSE
15,1,0,0,0,0,FALSE
20,2,0,0,0,0,FALSE
8,1,1,4,3,4,FALSE
2,1,0,0,0,0,FALSE
2,1,0,0,0,0,FALSE
2,1,0,0,0,0,FALSE
88,15,16,35,152,103,FALSE
26,4,13,14,42,21,FALSE
27,7,12,20,65,32,FALSE
15,1,0,0,0,0,FALSE
20,2,0,0,0,0,FALSE
15,1,0,0,0,0,FALSE
20,2,0,0,0,0,FALSE
36,9,13,32,109,56,FALSE
4,1,3,1,3,1,FALSE
3,1,1,0,1,0,FALSE
3,1,1,0,1,0,FALSE
45,6,14,19,65,35,FALSE
116,17,20,42,155,105,FALSE
44,7,15,22,50,30,FALSE
32,4,12,16,36,21,FALSE
26,2,11,11,44,23,FALSE
99,19,20,44,195,117,FALSE
52,10,16,29,110,64,FALSE
52,6,12,24,83,49,FALSE
5,1,2,2,2,2,FALSE
93,10,16,52,149,96,FALSE
31,2,9,32,102,45,FALSE
4,1,2,1,2,1,FALSE
2,1,2,1,2,1,FALSE
4,1,2,2,2,2,FALSE
22,3,12,9,37,17,FALSE
2,1,7,6,10,6,FALSE
2,1,5,3,5,3,FALSE
2,1,5,3,5,3,FALSE
2,1,7,7,11,7,FALSE
2,1,5,5,7,5,FALSE
2,1,5,5,7,5,FALSE
2,1,5,5,7,5,FALSE
2,1,7,7,11,7,FALSE
2,1,5,4,6,4,FALSE
2,1,5,4,6,4,FALSE
2,1,5,4,6,4,FALSE
2,1,7,7,11,7,FALSE
2,1,5,5,7,5,FALSE
2,1,7,7,11,7,FALSE
2,1,7,8,12,8,FALSE
2,1,3,1,3,1,FALSE
2,1,3,1,3,1,FALSE
2,1,3,1,3,1,FALSE
2,1,3,1,3,1,FALSE
2,1,3,1,3,1,FALSE
25,3,10,11,36,21,FALSE
2,1,3,1,3,1,FALSE
2,1,3,1,3,1,FALSE
2,1,3,1,3,1,FALSE
2,1,3,1,3,1,FALSE
2,1,3,1,3,1,FALSE
2,1,3,1,3,1,FALSE
66,9,14,26,114,65,FALSE
2,1,3,1,3,1,FALSE
2,1,4,1,4,1,FALSE
2,2,4,3,4,3,FALSE
5,1,1,0,1,0,FALSE
28,4,11,13,32,27,FALSE
4,1,3,1,3,1,FALSE
4,1,3,1,3,1,FALSE
4,1,3,1,3,1,FALSE
62,10,19,27,85,49,FALSE
44,8,21,25,68,43,FALSE
44,8,21,25,68,43,FALSE
3,1,3,2,3,2,FALSE
19,2,8,10,29,16,FALSE
3,1,3,2,3,2,FALSE
15,1,9,9,20,12,FALSE
24,2,8,11,32,18,FALSE
21,3,7,27,48,36,FALSE
12,1,7,8,12,9,FALSE
42,5,19,22,67,53,FALSE
5,3,13,5,16,8,FALSE
2,1,7,6,10,6,FALSE
45,11,20,31,189,117,FALSE
2,1,5,3,5,3,FALSE
9,3,10,6,17,10,FALSE
2,1,5,3,5,3,FALSE
2,1,7,7,11,7,FALSE
2,1,5,5,7,5,FALSE
2,1,5,5,7,5,FALSE
20,3,16,17,45,30,FALSE
2,1,5,5,7,5,FALSE
20,3,16,10,33,19,FALSE
13,5,13,5,22,14,FALSE
15,3,8,6,14,14,FALSE
28,11,12,21,74,47,FALSE
2,1,7,7,11,7,FALSE
6,1,8,7,16,11,FALSE
2,1,5,4,6,4,FALSE
2,1,5,4,6,4,FALSE
2,1,5,4,6,4,FALSE
2,1,7,7,11,7,FALSE
76,13,19,39,135,88,FALSE
69,11,19,35,126,80,FALSE
2,1,5,5,7,5,FALSE
2,1,7,7,11,7,FALSE
2,1,7,8,12,8,FALSE
39,1,16,25,82,53,FALSE
2,1,3,1,3,1,FALSE
2,2,4,3,4,3,FALSE
46,7,15,16,64,33,FALSE
5,1,1,0,1,0,FALSE
36,6,17,24,88,63,FALSE
6,1,3,4,5,4,FALSE
3,1,3,2,3,2,FALSE
3,1,3,2,3,2,FALSE
8,2,11,6,13,8,FALSE
60,17,22,39,181,138,FALSE
70,20,22,44,252,166,FALSE
93,25,24,48,317,215,FALSE
44,13,23,17,114,73,FALSE
3,1,1,0,1,0,FALSE
2,1,1,0,1,0,FALSE
3,1,1,0,1,0,FALSE
2,1,1,0,1,0,FALSE
3,1,0,0,0,0,FALSE
31,1,0,0,0,0,FALSE
6,1,0,0,0,0,FALSE
34,1,0,0,0,0,FALSE
21,2,0,0,0,0,FALSE
45,3,0,0,0,0,FALSE
6,1,0,0,0,0,FALSE
27,2,0,0,0,0,FALSE
48,10,14,32,110,62,FALSE
6,1,0,0,0,0,FALSE
27,3,13,15,36,22,FALSE
27,1,0,0,0,0,FALSE
37,1,0,0,0,0,FALSE
6,1,0,0,0,0,FALSE
26,2,9,16,26,21,FALSE
15,2,8,6,15,10,FALSE
6,1,1,2,1,2,FALSE
4,1,2,1,2,1,FALSE
9,1,1,4,3,5,FALSE
4,1,2,1,2,1,FALSE
5,1,1,1,1,1,FALSE
2,1,0,0,0,0,FALSE
4,1,2,1,2,1,FALSE
3,1,0,0,0,0,FALSE
3,1,0,1,0,1,FALSE
131,18,16,47,218,145,FALSE
15,1,0,0,0,0,FALSE
20,2,0,0,0,0,FALSE
15,2,8,6,15,10,FALSE
20,2,0,0,0,0,FALSE
15,1,0,0,0,0,FALSE
15,2,8,6,15,10,FALSE
17,2,0,0,0,0,FALSE
9,1,0,0,0,0,FALSE
1,1,3,1,3,1,FALSE
15,1,0,0,0,0,FALSE
15,1,0,0,0,0,FALSE
19,2,0,0,0,0,FALSE
1,1,3,1,3,1,FALSE
15,1,0,0,0,0,FALSE
2,1,5,1,5,1,FALSE
38,3,0,0,0,0,FALSE
44,5,13,22,61,34,FALSE
4,1,3,1,3,1,FALSE
4,1,3,1,3,1,FALSE
4,1,3,1,3,1,FALSE
4,1,3,1,3,1,FALSE
27,1,0,0,0,0,FALSE
6,1,0,0,0,0,FALSE
29,2,10,15,41,24,FALSE
38,1,0,0,0,0,FALSE
23,2,9,16,39,29,FALSE
15,2,8,6,15,10,FALSE
27,2,9,18,43,31,FALSE
26,1,0,0,0,0,FALSE
24,1,0,0,0,0,FALSE
6,1,0,0,0,0,FALSE
23,2,9,12,30,16,FALSE
21,2,9,14,33,24,FALSE
15,2,8,6,15,10,FALSE
26,2,9,18,43,31,FALSE
13,1,0,0,0,0,FALSE
15,2,8,6,15,10,FALSE
4,1,3,2,3,2,FALSE
4,1,3,2,3,2,FALSE
10,1,4,4,8,4,FALSE
3,1,1,0,1,0,FALSE
4,1,4,2,4,2,FALSE
3,1,1,0,1,0,FALSE
7,3,7,5,14,8,FALSE
3,1,1,0,1,0,FALSE
4,1,4,2,4,2,FALSE
3,1,1,0,1,0,FALSE
7,3,7,5,14,8,FALSE
3,1,1,0,1,0,FALSE
3,1,1,0,1,0,FALSE
59,11,15,23,93,45,FALSE
66,6,13,23,97,56,FALSE
26,1,8,13,30,26,FALSE
17,3,10,6,20,9,FALSE
34,9,15,13,54,29,FALSE
25,3,14,14,46,22,FALSE
12,1,7,6,10,7,FALSE
63,7,18,22,100,44,FALSE
17,2,10,8,23,12,FALSE
61,7,18,22,100,44,FALSE
16,2,9,6,22,10,FALSE
19,2,10,10,27,14,FALSE
11,1,6,4,10,5,FALSE
19,2,10,10,24,13,FALSE
19,2,10,10,27,14,FALSE
18,2,10,9,26,13,FALSE
39,4,14,19,61,40,FALSE
60,10,14,23,91,46,FALSE
17,3,10,6,20,9,FALSE
13,2,9,5,17,9,FALSE
13,2,9,5,17,9,FALSE
23,6,15,9,34,19,FALSE
149,25,21,46,268,133,FALSE
25,1,10,14,44,27,FALSE
41,5,13,21,68,34,FALSE
5,1,2,2,2,2,FALSE
3,1,2,2,2,2,FALSE
12,1,4,5,4,6,FALSE
2,1,2,1,2,1,FALSE
2,1,2,2,2,2,FALSE
37,5,14,19,62,31,FALSE
2,1,2,1,2,1,FALSE
2,1,2,1,2,1,FALSE
8,1,5,5,6,5,FALSE
32,4,13,19,59,29,FALSE
2,1,2,2,2,2,FALSE
13,1,4,5,4,6,FALSE
37,5,13,19,60,31,FALSE
2,1,2,2,2,2,FALSE
11,1,4,4,4,5,FALSE
2,1,2,2,2,2,FALSE
33,4,13,19,59,29,FALSE
13,1,4,5,4,6,FALSE
16,3,9,6,19,13,FALSE
2,1,2,1,2,1,FALSE
4,1,2,1,2,1,FALSE
30,1,8,25,59,35,FALSE
4,1,2,1,2,1,FALSE
6,1,5,4,6,4,FALSE
6,1,5,4,6,4,FALSE
62,11,17,23,117,59,FALSE
2,1,3,1,3,1,FALSE
2,1,3,1,3,1,FALSE
2,1,3,1,3,1,FALSE
2,1,3,1,3,1,FALSE
1,1,3,1,3,1,FALSE
1,1,3,1,3,1,FALSE
1,1,3,1,3,1,FALSE
1,1,3,1,3,1,FALSE
1,1,3,1,3,1,FALSE
1,1,3,1,3,1,FALSE
1,1,3,1,3,1,FALSE
1,1,3,1,3,1,FALSE
1,1,3,1,3,1,FALSE
25,3,10,11,36,21,FALSE
25,3,10,11,36,21,FALSE
25,3,10,11,36,21,FALSE
25,3,10,11,36,21,FALSE
25,3,10,11,36,21,FALSE
1,1,3,1,3,1,FALSE
1,1,3,1,3,1,FALSE
1,1,3,1,3,1,FALSE
1,1,3,1,3,1,FALSE
1,1,3,1,3,1,FALSE
1,1,3,1,3,1,FALSE
42,5,15,18,52,35,FALSE
49,5,15,21,59,41,FALSE
48,5,15,19,59,41,FALSE
42,5,15,19,53,36,FALSE
1,1,3,1,3,1,FALSE
1,1,3,1,3,1,FALSE
8,1,6,5,11,6,FALSE
136,19,19,45,220,114,FALSE
2,1,5,2,5,2,FALSE
2,1,3,2,3,2,FALSE
123,21,21,44,236,148,FALSE
2,1,3,1,3,1,FALSE
2,1,3,1,3,1,FALSE
2,1,3,1,3,1,FALSE
2,1,3,1,3,1,FALSE
4,1,3,1,3,1,FALSE
2,1,3,1,3,1,FALSE
4,1,3,1,3,1,FALSE
2,1,3,1,3,1,FALSE
2,1,3,1,3,1,FALSE
2,1,3,1,3,1,FALSE
59,11,17,22,91,42,FALSE
91,17,16,26,141,63,FALSE
49,5,14,18,72,38,FALSE
77,13,17,27,134,62,FALSE
76,14,16,27,132,61,FALSE
54,9,14,18,65,31,FALSE
57,10,14,21,80,39,FALSE
7,1,5,3,9,4,FALSE
92,10,18,34,145,74,FALSE
63,12,14,24,102,49,FALSE
48,8,14,20,74,39,FALSE
65,12,14,24,117,55,FALSE
18,4,11,7,23,11,FALSE
46,5,12,17,57,30,FALSE
7,1,5,3,9,4,FALSE
43,4,12,14,42,22,FALSE
32,2,10,33,108,46,FALSE
22,2,9,15,44,19,FALSE
15,1,8,8,18,10,FALSE
15,1,8,8,18,10,FALSE
15,1,8,8,18,10,FALSE
57,8,20,17,78,46,FALSE
52,7,19,16,75,44,FALSE
1,1,3,1,3,1,FALSE
4,1,3,2,3,2,FALSE
14,1,7,6,9,6,FALSE
14,1,7,6,9,6,FALSE
13,1,7,5,8,5,FALSE
14,1,7,6,9,6,FALSE
9,1,6,4,7,4,FALSE
23,3,10,11,37,20,FALSE
23,3,10,11,40,23,FALSE
17,2,10,10,27,16,FALSE
31,5,12,16,46,27,FALSE
17,2,10,9,24,14,FALSE
8,2,7,2,9,5,FALSE
5,2,5,2,5,3,FALSE
3,1,1,0,1,0,FALSE
3,1,1,0,1,0,FALSE
3,1,1,0,1,0,FALSE
3,1,1,0,1,0,FALSE
12,2,7,4,10,5,FALSE
3,1,1,0,1,0,FALSE
59,7,19,29,115,67,FALSE
53,6,18,24,85,46,FALSE
28,3,9,14,40,20,FALSE
6,1,5,3,6,3,FALSE
62,7,18,25,104,54,FALSE
6,1,5,3,6,3,FALSE
50,4,15,34,108,57,FALSE
131,9,22,43,169,106,FALSE
2,1,3,2,3,2,FALSE
91,9,16,33,129,70,FALSE
4,1,3,2,3,2,FALSE
49,8,16,18,62,33,FALSE
63,5,10,17,67,36,FALSE
131,9,22,43,169,106,FALSE
21,2,10,6,25,11,FALSE
9,1,5,3,6,3,FALSE
34,5,14,15,43,23,FALSE
6,1,5,3,6,3,FALSE
2,1,3,2,3,2,FALSE
56,7,11,19,81,42,FALSE
17,2,7,6,18,9,FALSE
65,7,17,22,94,49,FALSE
29,4,11,14,34,22,FALSE
10,1,4,6,8,8,FALSE
2,1,2,1,2,1,FALSE
1,1,0,1,0,2,FALSE
4,1,3,3,3,3,FALSE
4,1,1,1,1,1,FALSE
2,1,2,1,2,1,FALSE
2,1,2,1,2,1,FALSE
6,1,3,4,5,4,FALSE
4,1,1,1,1,1,FALSE
4,1,1,2,1,2,FALSE
25,2,10,10,18,17,FALSE
7,1,4,4,6,6,FALSE
2,1,2,1,2,1,FALSE
2,1,2,1,2,1,FALSE
72,7,22,36,94,62,FALSE
45,3,13,18,47,29,FALSE
1,1,3,1,3,1,FALSE
1,1,3,1,3,1,FALSE
7,1,5,3,6,3,FALSE
1,1,3,1,3,1,FALSE
2,1,3,1,3,1,FALSE
41,2,12,29,101,48,FALSE
5,1,5,4,6,4,FALSE
30,3,10,8,36,17,FALSE
53,5,15,27,83,57,FALSE
123,15,26,55,212,138,FALSE
2,1,3,2,3,2,FALSE
6,1,5,3,6,3,FALSE
1,1,1,0,1,0,FALSE
44,5,13,15,59,29,FALSE
13,1,5,5,9,5,FALSE
13,1,5,5,9,5,FALSE
44,5,13,15,59,29,FALSE
6,1,6,3,7,4,FALSE
7,1,3,2,3,2,FALSE
118,19,18,46,172,97,FALSE
65,7,15,33,99,66,FALSE
129,22,19,48,215,129,FALSE
7,1,6,3,7,4,FALSE
44,5,13,15,59,29,FALSE
14,1,5,5,9,5,FALSE
6,1,7,1,7,1,FALSE
2,2,7,3,8,3,FALSE
2,1,4,1,4,1,FALSE
2,2,6,3,7,4,FALSE
58,5,14,35,69,53,FALSE
4,1,3,2,3,2,FALSE
75,10,15,28,117,64,FALSE
95,18,18,32,149,88,FALSE
18,2,9,7,22,11,FALSE
6,1,5,3,6,3,FALSE
2,1,3,2,3,2,FALSE
47,7,19,23,82,51,FALSE
10,1,5,3,6,3,FALSE
2,1,3,1,3,1,FALSE
2,1,3,1,3,1,FALSE
2,1,3,1,3,1,FALSE
27,2,9,12,33,21,FALSE
27,2,9,12,33,21,FALSE
27,2,9,11,31,19,FALSE
36,5,13,14,48,27,FALSE
38,4,15,13,45,24,FALSE
81,7,15,33,111,63,FALSE
26,2,9,9,27,16,FALSE
8,1,6,2,7,3,FALSE
71,10,15,25,107,61,FALSE
70,10,14,26,106,61,FALSE
1,1,3,2,3,2,FALSE
4,1,3,2,3,2,FALSE
1,1,3,2,3,2,FALSE
1,1,3,2,3,2,FALSE
1,1,3,2,3,2,FALSE
4,1,3,2,3,2,FALSE
4,1,3,2,3,2,FALSE
1,1,1,0,1,0,FALSE
4,1,3,2,3,2,FALSE
1,1,1,0,1,0,FALSE
3,1,3,2,3,2,FALSE
2,1,3,1,3,1,FALSE
85,11,24,36,129,82,FALSE
150,17,23,40,195,122,FALSE
148,19,28,59,238,158,FALSE
2,1,3,1,3,1,FALSE
3,1,3,2,3,2,FALSE
155,24,21,54,245,162,FALSE
4,1,3,2,3,2,FALSE
118,14,22,58,188,140,FALSE
108,12,18,43,174,102,FALSE
8,2,7,2,9,5,FALSE
32,6,9,11,32,26,FALSE
3,1,1,0,1,0,FALSE
3,1,1,0,1,0,FALSE
10,2,7,4,10,5,FALSE
3,1,1,0,1,0,FALSE
46,2,10,27,56,41,FALSE
12,1,5,4,12,6,FALSE
15,2,7,7,18,10,FALSE
7,1,5,3,6,3,FALSE
7,1,5,3,6,3,FALSE
11,1,5,4,12,6,FALSE
42,5,20,18,61,34,FALSE
85,6,16,35,112,75,FALSE
11,1,5,4,12,6,FALSE
4,1,6,3,6,3,FALSE
6,1,7,5,10,5,FALSE
3,1,1,0,1,0,FALSE
10,1,6,5,10,6,FALSE
10,1,6,5,10,6,FALSE
19,1,5,4,12,6,FALSE
78,10,11,18,114,54,FALSE
68,5,15,26,91,53,FALSE
61,8,18,23,94,48,FALSE
2,1,2,1,2,1,FALSE
6,1,3,4,5,4,FALSE
25,1,7,32,43,39,FALSE
2,1,2,1,2,1,FALSE
2,1,2,1,2,1,FALSE
3,1,1,0,1,0,FALSE
3,1,1,1,1,1,FALSE
3,1,1,0,1,0,FALSE
18,2,9,8,15,11,FALSE
16,2,9,7,15,10,FALSE
4,1,4,2,4,2,FALSE
48,5,18,22,81,44,FALSE
28,2,12,14,44,20,FALSE
1,1,3,1,3,1,FALSE
28,2,12,14,45,20,FALSE
75,5,15,30,98,56,FALSE
14,1,5,4,12,6,FALSE
8,1,6,5,11,6,FALSE
2,1,5,2,5,2,FALSE
65,7,19,29,108,61,FALSE
54,6,18,25,90,49,FALSE
13,2,8,6,19,10,FALSE
18,2,8,7,23,12,FALSE
5,1,6,4,7,4,FALSE
4,1,6,3,6,3,FALSE
4,1,6,3,6,3,FALSE
5,1,6,4,7,4,FALSE
12,1,8,8,22,12,FALSE
12,1,8,8,22,12,FALSE
46,5,19,22,69,40,FALSE
47,5,20,24,70,42,FALSE
39,4,13,19,41,29,FALSE
2,1,3,1,3,1,FALSE
2,1,3,1,3,1,FALSE
2,1,3,1,3,1,FALSE
1,1,1,0,1,0,FALSE
9,1,6,4,9,5,FALSE
9,1,6,4,9,5,FALSE
49,4,17,36,78,61,FALSE
1,1,3,2,3,2,FALSE
1,1,3,2,3,2,FALSE
19,2,9,10,26,15,FALSE
32,3,13,16,39,23,FALSE
15,2,10,10,29,16,FALSE
16,2,10,10,29,16,FALSE
9,1,8,6,18,9,FALSE
16,1,9,10,21,13,FALSE
14,1,9,8,16,10,FALSE
9,1,8,6,18,9,FALSE
6,1,3,2,3,2,FALSE
17,2,10,12,34,19,FALSE
17,2,10,12,34,19,FALSE
15,2,10,10,29,16,FALSE
16,2,10,12,33,19,FALSE
22,2,7,9,24,12,FALSE
50,4,17,37,78,60,FALSE
3,1,1,0,1,0,FALSE
3,1,1,0,1,0,FALSE
36,5,13,19,56,39,FALSE
18,1,9,11,28,20,FALSE
12,1,6,3,7,4,FALSE
25,3,11,16,46,32,FALSE
13,2,7,8,19,13,FALSE
5,1,2,2,2,2,FALSE
3,1,2,2,2,2,FALSE
4,1,2,1,2,1,FALSE
11,1,9,6,15,7,FALSE
45,7,14,22,65,47,FALSE
13,2,7,5,13,10,FALSE
6,1,5,4,6,4,FALSE
16,1,5,3,5,3,FALSE
6,1,5,4,6,4,FALSE
2,1,3,1,3,1,FALSE
2,1,3,1,3,1,FALSE
2,1,3,1,3,1,FALSE
2,1,3,1,3,1,FALSE
42,5,12,21,72,35,FALSE
2,1,3,2,3,2,FALSE
135,29,18,47,327,192,FALSE
4,1,3,1,3,1,FALSE
4,1,3,1,3,1,FALSE
61,5,13,33,101,66,FALSE
25,3,11,15,40,25,FALSE
12,1,7,10,22,13,FALSE
44,5,14,18,65,34,FALSE
4,1,3,2,3,2,FALSE
11,1,6,4,7,4,FALSE
57,9,10,21,59,62,FALSE
39,9,16,20,83,54,FALSE
4,1,3,2,3,2,FALSE
1,1,1,0,1,0,FALSE
4,1,4,1,4,1,FALSE
7,1,3,5,9,8,FALSE
7,2,5,1,6,2,FALSE
4,1,1,0,1,0,FALSE
3,1,1,0,1,0,FALSE
4,1,4,1,4,1,FALSE
6,1,7,4,12,6,FALSE
5,1,6,2,9,3,FALSE
20,2,10,9,31,18,FALSE
5,1,5,2,5,2,FALSE
14,1,4,3,12,4,FALSE
2,1,3,1,3,1,FALSE
2,1,3,2,3,2,FALSE
18,1,11,12,27,18,FALSE
2,2,5,1,5,2,FALSE
2,1,3,2,3,2,FALSE
9,2,5,6,7,7,FALSE
5,1,6,4,9,4,FALSE
2,1,3,2,3,2,FALSE
16,2,10,5,17,9,FALSE
17,2,11,7,20,10,FALSE
2,1,4,1,4,1,FALSE
10,2,9,4,13,6,FALSE
4,1,5,0,5,0,FALSE
2,1,4,0,4,0,FALSE
4,1,2,1,2,1,FALSE
4,1,2,1,2,1,FALSE
2,1,2,1,2,1,FALSE
1,1,0,0,0,0,FALSE
4,1,2,2,2,3,FALSE
3,1,2,2,2,3,FALSE
2,1,2,4,4,4,FALSE
1,1,0,0,0,0,FALSE
1,1,0,0,0,0,FALSE
4,1,1,0,1,0,FALSE
3,1,0,1,0,1,FALSE
2,1,2,1,2,1,FALSE
4,1,2,1,2,1,FALSE
1,1,0,0,0,0,FALSE
2,1,2,1,2,1,FALSE
4,1,2,1,2,1,FALSE
5,1,5,3,9,3,FALSE
6,1,4,4,7,5,FALSE
6,1,3,2,3,2,FALSE
3,1,2,2,2,2,FALSE
4,1,2,2,2,2,FALSE
4,1,2,1,2,1,FALSE
11,1,5,6,6,7,FALSE
2,1,2,1,2,1,FALSE
4,1,2,1,2,1,FALSE
48,7,14,23,70,49,FALSE
3,1,2,2,2,2,FALSE
11,1,7,8,16,9,FALSE
4,1,2,1,2,1,FALSE
5,1,4,3,4,3,FALSE
1,1,3,2,3,2,FALSE
4,1,2,1,2,1,FALSE
4,1,2,2,2,2,FALSE
14,1,2,12,12,12,FALSE
10,2,9,15,32,24,FALSE
15,2,11,10,25,16,FALSE
12,2,11,11,22,19,FALSE
5,1,5,3,5,3,FALSE
7,2,6,1,7,2,FALSE
7,1,7,5,9,6,FALSE
6,1,5,4,6,4,FALSE
6,1,5,4,6,4,FALSE
9,1,9,8,18,11,FALSE
2,1,4,1,4,1,FALSE
2,1,3,1,3,1,FALSE
2,1,3,1,3,1,FALSE
2,1,3,1,3,1,FALSE
2,1,3,1,3,1,FALSE
2,1,3,1,3,1,FALSE
2,1,3,1,3,1,FALSE
1,1,3,1,3,1,FALSE
1,1,3,4,5,4,FALSE
2,1,3,2,3,2,FALSE
2,1,3,2,3,2,FALSE
2,1,3,2,3,2,FALSE
2,1,3,1,3,1,FALSE
2,1,3,1,3,1,FALSE
2,1,3,1,3,1,FALSE
2,1,3,1,3,1,FALSE
2,1,3,1,3,1,FALSE
2,1,3,1,3,1,FALSE
2,1,3,1,3,1,FALSE
2,1,3,1,3,1,FALSE
2,1,3,1,3,1,FALSE
1,1,3,1,3,1,FALSE
2,1,3,1,3,1,FALSE
2,1,3,1,3,1,FALSE
1,1,3,1,3,1,FALSE
2,1,3,1,3,1,FALSE
2,1,3,1,3,1,FALSE
2,1,3,1,3,1,FALSE
2,1,3,1,3,1,FALSE
2,1,3,1,3,1,FALSE
8,1,8,3,9,4,FALSE
2,1,3,1,3,1,FALSE
1,1,3,1,3,1,FALSE
2,1,3,1,3,1,FALSE
2,1,3,1,3,1,FALSE
2,1,3,1,3,1,FALSE
2,1,3,1,3,1,FALSE
2,1,3,1,3,1,FALSE
2,1,3,1,3,1,FALSE
2,1,3,1,3,1,FALSE
2,1,3,1,3,1,FALSE
2,1,3,1,3,1,FALSE
2,1,3,1,3,1,FALSE
2,1,3,1,3,1,FALSE
2,1,3,1,3,1,FALSE
2,1,3,1,3,1,FALSE
2,1,3,1,3,1,FALSE
2,1,3,1,3,1,FALSE
23,1,11,14,34,31,FALSE
2,1,3,1,3,1,FALSE
6,1,6,3,6,3,FALSE
2,1,5,1,5,1,FALSE
2,1,5,1,5,1,FALSE
2,1,4,1,4,1,FALSE
2,1,4,1,4,1,FALSE
5,1,4,2,7,4,FALSE
6,1,6,3,6,3,FALSE
1,1,3,1,3,1,FALSE
2,2,5,3,5,3,FALSE
1,1,3,1,3,1,FALSE
3,3,9,3,11,4,FALSE
3,3,9,3,12,4,FALSE
2,1,3,1,3,1,FALSE
2,2,7,1,7,2,FALSE
2,1,3,1,3,1,FALSE
13,3,8,5,15,6,FALSE
1,1,3,1,3,1,FALSE
2,2,7,1,7,2,FALSE
3,3,9,5,9,5,FALSE
2,1,3,2,3,2,FALSE
2,1,3,1,3,1,FALSE
13,2,10,5,14,7,FALSE
2,1,3,2,3,2,FALSE
3,1,3,3,5,4,FALSE
2,1,3,2,3,2,FALSE
4,1,3,1,3,1,FALSE
4,1,3,1,3,1,FALSE
4,1,3,1,3,1,FALSE
4,1,3,1,3,1,FALSE
4,1,3,1,3,1,FALSE
4,1,3,1,3,1,FALSE
2,1,3,1,3,1,FALSE
1,1,1,0,1,0,FALSE
4,1,3,1,3,1,FALSE
1,1,1,0,1,0,FALSE
4,1,3,1,3,1,FALSE
4,1,3,1,3,1,FALSE
4,1,3,1,3,1,FALSE
4,1,3,1,3,1,FALSE
4,1,3,1,3,1,FALSE
2,1,6,2,6,2,FALSE
3,1,8,1,13,1,FALSE
28,3,13,26,64,55,FALSE
4,1,3,1,3,1,FALSE
2,1,4,2,5,2,FALSE
7,1,6,4,11,5,FALSE
9,2,8,3,12,5,FALSE
4,1,4,2,4,2,FALSE
2,1,4,1,4,1,FALSE
2,1,3,2,3,2,FALSE
2,1,3,2,3,2,FALSE
2,1,3,2,3,2,FALSE
27,5,14,10,42,21,FALSE
2,1,3,2,3,2,FALSE
1,1,3,2,3,2,FALSE
5,2,9,7,10,7,FALSE
5,2,9,7,10,7,FALSE
5,2,9,7,10,7,FALSE
5,2,9,7,10,7,FALSE
5,2,9,7,10,7,FALSE
5,2,9,7,10,7,FALSE
4,1,3,2,3,2,FALSE
4,1,3,2,3,2,FALSE
1,1,3,2,3,2,FALSE
35,6,14,19,67,58,FALSE
8,1,3,4,5,4,FALSE
10,2,6,3,7,4,FALSE
2,1,3,2,3,2,FALSE
5,2,9,7,10,7,FALSE
5,2,9,7,10,7,FALSE
5,2,9,7,10,7,FALSE
5,2,9,7,10,7,FALSE
2,1,3,2,3,2,FALSE
2,1,3,2,3,2,FALSE
2,1,3,2,3,2,FALSE
2,1,4,3,5,3,FALSE
4,1,3,2,3,2,FALSE
4,1,3,2,3,2,FALSE
16,2,8,6,12,8,FALSE
18,1,11,12,27,18,FALSE
7,1,4,7,9,8,FALSE
2,1,3,2,3,2,FALSE
2,1,3,1,3,1,FALSE
2,1,3,2,3,2,FALSE
2,1,3,2,3,2,FALSE
10,2,7,5,16,6,FALSE
5,1,4,2,4,2,FALSE
3,1,1,0,1,0,FALSE
3,1,1,0,1,0,FALSE
3,1,1,0,1,0,FALSE
3,1,1,0,1,0,FALSE
3,1,1,0,1,0,FALSE
3,1,1,0,1,0,FALSE
3,1,1,0,1,0,FALSE
3,1,1,0,1,0,FALSE
3,1,1,0,1,0,FALSE
13,3,8,5,15,8,FALSE
27,6,16,10,36,28,FALSE
43,4,13,27,71,40,FALSE
9,1,8,6,13,7,FALSE
23,1,8,20,41,28,FALSE
25,4,10,14,39,25,FALSE
4,1,4,1,4,1,FALSE
4,1,4,1,4,1,FALSE
4,1,6,1,7,1,FALSE
11,1,8,8,15,10,FALSE
4,1,3,2,3,2,FALSE
74,6,14,19,104,51,FALSE
44,4,12,19,59,40,FALSE
20,1,8,18,37,25,FALSE
13,1,6,9,11,9,FALSE
5,1,4,3,4,3,FALSE
19,2,10,5,13,9,FALSE
9,1,5,4,6,5,FALSE
19,2,11,5,14,9,FALSE
46,4,12,20,59,38,FALSE
68,9,17,25,120,71,FALSE
20,1,8,18,37,25,FALSE
14,1,6,9,11,9,FALSE
5,1,4,3,4,3,FALSE
22,1,8,20,41,28,FALSE
16,1,6,10,12,10,FALSE
5,1,4,3,4,3,FALSE
41,3,11,18,54,38,FALSE
14,1,8,9,15,11,FALSE
10,1,6,8,9,8,FALSE
44,4,12,20,61,40,FALSE
34,2,11,10,36,20,FALSE
7,1,7,4,10,5,FALSE
5,1,6,5,8,5,FALSE
7,1,7,4,10,5,FALSE
20,1,8,18,37,25,FALSE
9,1,6,9,11,9,FALSE
5,1,4,3,4,3,FALSE
74,9,19,39,100,77,FALSE
25,3,11,12,28,22,FALSE
82,7,20,43,125,93,FALSE
12,1,8,8,15,10,FALSE
13,1,8,10,21,13,FALSE
15,2,8,7,17,11,FALSE
22,1,4,2,4,2,FALSE
27,2,14,7,20,15,FALSE
34,3,12,13,42,25,FALSE
44,4,12,25,62,41,FALSE
7,1,6,5,8,5,FALSE
8,1,7,4,9,6,FALSE
102,13,26,50,193,111,FALSE
9,1,8,6,11,7,FALSE
13,2,8,4,14,7,FALSE
40,5,12,22,46,35,FALSE
5,1,4,5,6,5,FALSE
5,1,1,2,1,2,FALSE
6,1,1,2,1,2,FALSE
39,5,12,23,89,43,FALSE
3,1,1,0,1,0,FALSE
3,1,1,0,1,0,FALSE
3,1,1,0,1,0,FALSE
1,1,0,0,0,0,FALSE
34,1,7,29,54,36,FALSE
3,1,1,0,1,0,FALSE
8,1,3,6,11,10,FALSE
8,1,4,7,12,10,FALSE
39,3,13,15,40,31,FALSE
34,3,12,13,40,33,FALSE
4,1,4,1,4,1,FALSE
6,1,6,4,7,4,FALSE
24,4,11,11,27,16,FALSE
6,1,6,3,6,3,FALSE
8,1,7,6,14,8,FALSE
6,1,5,5,6,5,FALSE
12,1,8,8,15,10,FALSE
4,1,4,1,4,1,FALSE
7,1,6,2,6,2,FALSE
4,1,4,2,4,2,FALSE
4,1,4,1,4,1,FALSE
4,1,4,2,4,2,FALSE
4,1,4,1,4,1,FALSE
4,1,4,1,4,1,FALSE
7,1,7,5,9,5,FALSE
6,1,6,3,7,3,FALSE
6,1,7,5,9,5,FALSE
6,1,6,3,7,3,FALSE
1,1,3,1,3,1,FALSE
2,1,3,1,3,1,FALSE
4,1,6,1,7,1,FALSE
1,1,3,1,3,1,FALSE
9,1,8,6,11,7,FALSE
26,5,16,11,46,24,FALSE
17,2,10,10,25,12,FALSE
1,1,3,1,3,1,FALSE
31,4,15,15,49,26,FALSE
4,1,3,1,3,1,FALSE
4,1,3,1,3,1,FALSE
1,1,4,1,4,1,FALSE
1,1,3,1,3,1,FALSE
6,1,9,3,12,3,FALSE
6,1,7,5,9,5,FALSE
7,1,7,5,9,5,FALSE
1,1,3,1,3,1,FALSE
40,4,14,18,61,39,FALSE
6,1,7,4,8,4,FALSE
21,4,13,10,40,22,FALSE
1,1,3,1,3,1,FALSE
1,1,3,1,3,1,FALSE
1,1,3,1,3,1,FALSE
1,1,3,1,3,1,FALSE
10,1,8,6,11,7,FALSE
17,2,10,10,25,12,FALSE
26,5,15,11,47,24,FALSE
1,1,3,1,3,1,FALSE
1,1,3,1,3,1,FALSE
1,1,3,1,3,1,FALSE
1,1,3,1,3,1,FALSE
4,1,3,1,3,1,FALSE
4,1,3,1,3,1,FALSE
4,1,3,1,3,1,FALSE
4,1,3,1,3,1,FALSE
19,2,11,14,30,17,FALSE
11,1,8,6,11,7,FALSE
39,4,13,17,61,39,FALSE
1,1,3,1,3,1,FALSE
9,2,6,3,9,4,FALSE
1,1,3,1,3,1,FALSE
1,1,3,1,3,1,FALSE
4,1,4,1,4,1,FALSE
6,1,7,4,8,4,FALSE
2,1,4,1,4,1,FALSE
4,1,4,2,4,2,FALSE
49,4,12,23,64,45,FALSE
24,1,8,22,45,31,FALSE
46,3,12,12,40,22,FALSE
18,1,6,11,13,11,FALSE
5,1,4,3,4,3,FALSE
43,4,12,20,62,43,FALSE
20,1,8,18,37,25,FALSE
9,1,6,9,11,9,FALSE
5,1,4,3,4,3,FALSE
4,1,6,1,7,1,FALSE
162,28,22,41,291,191,FALSE
4,1,4,1,4,1,FALSE
20,3,14,8,23,10,FALSE
20,3,14,8,23,10,FALSE
20,3,14,8,23,10,FALSE
20,3,14,8,23,10,FALSE
20,3,14,8,23,10,FALSE
19,3,13,8,22,10,FALSE
19,3,14,8,23,10,FALSE
20,3,14,8,23,10,FALSE
20,3,14,8,23,10,FALSE
20,3,14,8,23,10,FALSE
20,3,14,8,23,10,FALSE
20,3,14,8,23,10,FALSE
20,3,13,9,23,12,FALSE
19,3,13,8,22,10,FALSE
4,1,7,2,7,2,FALSE
64,6,18,20,85,60,FALSE
4,1,4,1,4,1,FALSE
4,1,4,1,4,1,FALSE
4,1,4,2,4,2,FALSE
19,3,13,8,22,10,FALSE
19,3,13,8,22,10,FALSE
6,1,6,3,7,3,FALSE
4,1,4,2,4,2,FALSE
4,1,4,1,4,1,FALSE
6,1,7,4,8,4,FALSE
6,1,7,4,8,4,FALSE
9,1,7,6,14,8,FALSE
54,5,12,25,70,48,FALSE
112,6,13,39,130,99,FALSE
11,1,7,8,18,11,FALSE
22,1,8,20,41,28,FALSE
17,1,6,10,12,10,FALSE
5,1,4,3,4,3,FALSE
14,1,8,10,21,13,FALSE
10,1,8,6,13,7,FALSE
8,1,7,4,10,5,FALSE
11,1,8,8,15,10,FALSE
6,1,7,4,9,4,FALSE
7,1,7,4,8,4,FALSE
6,1,6,3,7,3,FALSE
5,1,7,3,8,3,FALSE
12,3,11,6,23,10,FALSE
16,1,3,1,3,1,FALSE
25,4,14,11,33,17,FALSE
4,1,4,2,4,2,FALSE
4,1,5,3,5,3,FALSE
11,2,8,5,16,11,FALSE
10,2,9,5,12,5,FALSE
40,3,14,12,37,23,FALSE
24,2,10,21,36,29,FALSE
9,1,8,6,13,7,FALSE
6,1,3,1,3,1,FALSE
16,1,8,14,29,19,FALSE
27,1,3,1,3,1,FALSE
15,1,8,10,21,13,FALSE
15,2,8,6,18,10,FALSE
4,1,6,1,7,1,FALSE
63,9,22,33,112,70,FALSE
4,1,4,1,4,1,FALSE
4,1,5,1,6,1,FALSE
4,1,4,2,4,2,FALSE
4,1,4,1,4,1,FALSE
4,1,4,2,4,2,FALSE
29,3,14,12,30,16,FALSE
27,3,14,12,30,16,FALSE
4,1,4,1,4,1,FALSE
3,1,1,0,1,0,FALSE
5,2,6,2,6,3,FALSE
15,3,10,8,14,9,FALSE
3,1,1,0,1,0,FALSE
4,1,3,1,3,1,FALSE
3,1,1,0,1,0,FALSE
3,1,1,0,1,0,FALSE
8,1,5,5,6,5,FALSE
5,1,3,1,3,1,FALSE
22,2,11,10,33,17,FALSE
30,3,10,12,53,28,FALSE
5,1,3,1,3,1,FALSE
18,3,12,9,21,17,FALSE
7,1,5,5,15,6,FALSE
26,3,12,15,30,23,FALSE
13,1,8,8,17,10,FALSE
2,1,3,2,3,2,FALSE
2,2,5,1,5,2,FALSE
2,1,3,2,3,2,FALSE
5,1,6,4,9,4,FALSE
1,1,3,1,3,1,FALSE
1,1,3,1,3,1,FALSE
2,1,3,2,3,2,FALSE
18,3,13,11,24,15,FALSE
1,1,6,0,6,0,FALSE
1,1,6,0,6,0,FALSE
19,2,9,14,21,18,FALSE
4,1,2,1,2,1,FALSE
3,1,1,0,1,0,FALSE
2,1,2,1,2,1,FALSE
4,1,2,1,2,1,FALSE
26,3,14,14,53,35,FALSE
1,1,0,0,0,0,FALSE
2,1,2,1,2,1,FALSE
4,1,2,1,2,1,FALSE
5,1,3,3,3,3,FALSE
1,1,0,0,0,0,FALSE
3,1,2,2,2,2,FALSE
4,1,2,2,2,2,FALSE
4,1,2,1,2,1,FALSE
23,3,13,16,31,21,FALSE
2,1,2,1,2,1,FALSE
5,1,1,1,1,1,FALSE
3,1,1,0,1,0,FALSE
3,1,1,0,1,0,FALSE
4,1,1,1,1,1,FALSE
4,1,1,1,1,1,FALSE
3,1,1,0,1,0,FALSE
6,1,1,0,1,0,FALSE
4,1,3,1,3,1,FALSE
1,1,3,2,3,2,FALSE
4,1,2,1,2,1,FALSE
16,1,8,12,18,14,FALSE
11,2,9,7,12,7,FALSE
6,1,5,4,6,4,FALSE
8,1,5,3,5,3,FALSE
19,5,15,8,34,16,FALSE
6,1,5,4,6,4,FALSE
9,1,5,3,5,3,FALSE
48,9,18,10,48,26,FALSE
4,1,6,3,6,3,FALSE
2,1,3,1,3,1,FALSE
2,1,3,1,3,1,FALSE
52,6,15,23,91,48,FALSE
2,1,3,1,3,1,FALSE
2,1,3,1,3,1,FALSE
2,1,3,1,3,1,FALSE
2,1,3,1,3,1,FALSE
2,1,3,1,3,1,FALSE
11,2,9,4,14,7,FALSE
2,1,3,1,3,1,FALSE
1,1,3,1,3,1,FALSE
2,1,3,1,3,1,FALSE
2,1,3,1,3,1,FALSE
2,1,3,1,3,1,FALSE
2,1,3,1,3,1,FALSE
2,1,3,1,3,1,FALSE
15,3,10,9,28,14,FALSE
13,2,8,5,17,8,FALSE
2,1,3,1,3,1,FALSE
2,1,3,1,3,1,FALSE
2,1,3,1,3,1,FALSE
2,1,3,1,3,1,FALSE
2,1,3,1,3,1,FALSE
2,1,3,1,3,1,FALSE
2,1,3,1,3,1,FALSE
2,1,5,1,5,1,FALSE
6,1,3,2,3,2,FALSE
8,2,6,5,9,6,FALSE
1,1,3,1,3,1,FALSE
1,1,3,1,3,1,FALSE
2,2,5,3,5,3,FALSE
3,3,9,3,11,4,FALSE
2,1,3,1,3,1,FALSE
2,2,7,1,7,2,FALSE
2,1,3,1,3,1,FALSE
2,2,7,1,7,2,FALSE
3,3,9,5,9,5,FALSE
2,1,3,1,3,1,FALSE
2,1,3,2,3,2,FALSE
9,2,9,4,12,6,FALSE
54,6,18,29,81,51,FALSE
24,3,9,14,36,22,FALSE
15,1,8,8,19,10,FALSE
2,1,3,2,3,2,FALSE
3,1,3,3,5,4,FALSE
1,1,4,0,4,0,FALSE
1,1,4,0,4,0,FALSE
9,2,8,3,11,5,FALSE
4,1,3,1,3,1,FALSE
4,1,3,1,3,1,FALSE
4,1,3,1,3,1,FALSE
4,1,3,1,3,1,FALSE
4,1,3,1,3,1,FALSE
4,1,3,1,3,1,FALSE
15,3,13,7,29,14,FALSE
15,3,14,9,25,14,FALSE
4,1,3,1,3,1,FALSE
4,1,7,1,7,1,FALSE
4,1,7,1,7,1,FALSE
2,1,4,2,5,2,FALSE
26,3,9,13,42,25,FALSE
19,4,10,6,23,16,FALSE
19,4,10,6,23,16,FALSE
20,5,8,9,20,17,FALSE
20,5,8,9,20,17,FALSE
4,1,4,2,4,2,FALSE
2,1,4,1,4,1,FALSE
2,1,3,2,3,2,FALSE
2,1,3,2,3,2,FALSE
2,1,3,2,3,2,FALSE
11,2,7,6,12,11,FALSE
10,2,7,7,11,11,FALSE
11,2,7,6,12,11,FALSE
10,2,7,7,11,11,FALSE
18,3,9,7,27,14,FALSE
17,1,9,10,21,14,FALSE
15,2,9,9,15,11,FALSE
2,1,3,2,3,2,FALSE
1,1,3,2,3,2,FALSE
2,1,3,2,3,2,FALSE
19,2,8,9,25,14,FALSE
15,2,7,16,31,22,FALSE
14,2,8,10,22,12,FALSE
14,2,8,7,19,12,FALSE
2,1,4,3,5,3,FALSE
14,2,8,7,19,9,FALSE
4,1,3,2,3,2,FALSE
19,2,10,11,25,15,FALSE
23,3,12,13,39,21,FALSE
2,1,3,1,3,1,FALSE
13,1,6,6,9,8,FALSE
11,2,8,6,18,9,FALSE